{
  "rmse": 2.9881707431099405,
  "mae": 2.077901960784314,
  "r2": 0.878239414289357
}