{
  "rmse": 2.9881707431099405,
  "mae": 2.0779019607843137,
  "r2": 0.8782394142893569
}